<?xml version="1.0" encoding="utf-8"?>
<odoo>

    <data noupdate="1">


        <record id="email_template_gls_analysis" model="mail.template">
            <field name="name">Analiz Sonuçları</field>
            <field name="model_id" ref="glsgroup-main.model_analysis_result"/>
            <field name="subject">{{ object.company_id.name }} Order (Ref {{ object.name or 'n/a' }})</field>
            <field name="partner_to">{{ object.partner_id.id }}</field>
            <field name="body_html" type="html">
                <div style="margin: 0px; padding: 0px;">
                    <p style="margin: 0px; padding: 0px; font-size: 13px;">
        Sayın <t t-out="object.partner_id.name or ''">Brandon Freeman</t>
                        <t t-if="object.partner_id.parent_id">
            (                            <t t-out="object.partner_id.parent_id.name or ''">Azure Interior</t>)
                        </t>
                        <br/>
                        <br/>
        Ekte <strong t-out="object.name or ''">P00015</strong> numaralı analiz sonucu bulunmaktadır.
        Analiz sonucu <t t-out="object.company_id.name or ''">YourCompany</t> tarafından gönderilmiştir.
                        <br/>
                        <br/>
        Eğer sorularınız olursa, lütfen bize ulaşın.
                        <br/>
                        <br/>
        Saygılarımızla,
                    </p>
                </div>
            </field>
            <field name="report_template" ref="analysis_result_report"/>
            <field name="report_name">Analiz_{{ (object.name or '').replace('/','_') }}</field>
            <field name="lang">{{ object.partner_id.lang }}</field>
            <field name="auto_delete" eval="False"/>
        </record>


    </data>


</odoo>
